Campus,Dorm_Name,URL,Features
Busch,Morrow Suites,https://ruoncampus.rutgers.edu/living-on-campus/busch-campus/morrow-suites,"Type of Residence Hall:  Suites 
 Number of Students:  177 
 Number of Floors:  4 
 Average Room Size:  ""18 x 12"" 
 Availability:  Continuing Students, First-Year Students 
 Contract Type:  Undergraduate Academic Year (Two semesters) 
 
 
 
 
 
 What's Nearby? 
 
 Busch Dining Hall, Busch Student Center, Busch Recreation Bubble, Libraries Annex, Sonny Werblin Recreation Center, intramural fields 
 
 Features & Amenities 
 
 Air-cooled* Vending machines Wifi throughout the building Laundry facility Building main lounge Building study lounge Floor lounge(s) Pool table, ping pong table, foosball table Communal kitchen (with stove top and oven) (one in the building) *Students living in air-cooled halls are encouraged to review our  moisture control resources . 
 
 What's included in my space? 
 
 What’s included in my suite? Twin extra long bed and mattress Closet space Dresser Desk Chair Microfridge Blinds or curtains Mirrors (in every room) Wifi in bedrooms Couch Loveseat Arm chair Coffee table Side table(s) Private bathroom in room"
Busch,Barr Hall,https://ruoncampus.rutgers.edu/living-on-campus/busch-campus/barr-hall,"Type of Residence Hall:  Traditional Hall 
 Number of Students:  220 
 Number of Floors:  4 
 Average Room Size:  18x12 
 Availability:  First-Year Students 
 Contract Type:  Undergraduate Academic Year (Two semesters) 
 
 
 
 
 
 What's Nearby? 
 
 Busch Dining Hall, Busch Student Center, Busch Recreation Bubble, Libraries Annex, Sonny Werblin Recreation Center (premier athletic facility), intramural fields 
 
 Features & Amenities 
 
 Air-cooled* Vending machines Wifi throughout the building Laundry facility Building main lounge Floor lounges Pool table, table tennis, foosball table Communal bathroom (separated by gender) *Students living in air-cooled halls are encouraged to review our  moisture control resources . 
 
 What's included in my space? 
 
 What’s included in my room? Twin extra long bed and mattress Closet space Dresser Desk Chair Microfridge Blinds or curtains Mirrors (in every room) Wifi in bedrooms Carpeted flooring"
Busch,Nichols Apartments,https://ruoncampus.rutgers.edu/living-on-campus/busch-campus/nichols-apartments,"Type of Residence Hall:  Apartments 
 Number of Students:  237 
 Number of Floors:  3 
 Average Room Size:  ""11 x 18"" 
 Availability:  Continuing Students 
 Contract Type:  Family Apartments – Monthly Rent – Open During University Breaks, Undergraduate Academic Year (Two semesters) 
 
 
 
 
 
 What's Nearby? 
 
 Busch Dining Hall, Busch Student Center, Busch Recreation Bubble, Libraries Annex, Sonny Werblin Recreation Center, intramural fields 
 
 Features & Amenities 
 
 Air-cooled* Wifi throughout the building Laundry facility Park/playground *Students living in air-cooled halls are encouraged to review our  moisture control resources . 
 
 What's included in my space? 
 
 What’s included in my apartment (undergrad only)? Twin extra long bed and mattress Closet space Dresser Desk Chair Microfridge Blinds or curtains Mirrors (in every room) Wifi in bedrooms Couch Loveseat Arm chair Coffee table Side table(s) Private bathroom in apartment What’s included in my apartment (family only)? Full sized bed and mattress Twin extra long bed and mattress Closet space Dresser Desk Chair Blinds or curtains Wifi in bedrooms Carpeted flooring/Linoleum Flooring Couch Coffee table Side table(s) Dining room table and chairs Lamps Hallway storage space/closet Sink Full size refrigerator Cabinet space Pantry room Private bathroom in apartment"
Busch,Judson Suites,https://ruoncampus.rutgers.edu/living-on-campus/busch-campus/judson-suites,"Type of Residence Hall:  Suites 
 Number of Students:  177 
 Number of Floors:  4 
 Average Room Size:  ""18 x 12"" 
 Availability:  Continuing Students 
 Contract Type:  Undergraduate Academic Year (Two semesters) 
 
 
 
 
 
 What's Nearby? 
 
 Busch Dining Hall, Busch Student Center, Busch Recreation Bubble, Libraries Annex, Sonny Werblin Recreation Center, intramural fields 
 
 Features & Amenities 
 
 Air-cooled* Vending machines Wifi throughout the building Laundry facility Building main lounge Floor lounge(s) Pool table, ping pong table, foosball table Communal kitchen (with stove top and oven) (one in the building) Elevator *Students living in air-cooled halls are encouraged to review our  moisture control resources . 
 
 What's included in my space? 
 
 What’s included in my suite? Twin extra long bed and mattress Closet space Dresser Desk Chair Microfridge Blinds or curtains mirrors (in every room) Wifi in bedrooms Carpeted flooring Couch Loveseat Arm chair Coffee table Side tables Lamps Private bathroom in suite"
Busch,McCormick Suites,https://ruoncampus.rutgers.edu/living-on-campus/busch-campus/mccormick-suites,"Type of Residence Hall:  Suites 
 Number of Students:  288 
 Number of Floors:  10 
 Average Room Size:  ""18 x 12"" 
 Availability:  Continuing Students, First-Year Students, Honors Student 
 Contract Type:  Undergraduate Academic Year (Two semesters) 
 
 
 
 
 
 What's Nearby? 
 
 Busch Dining Hall, Busch Student Center, Busch Recreation Bubble, Libraries Annex, Sonny Werblin Recreation Center, intramural fields 
 
 Features & Amenities 
 
 Air-cooled* Vending machines Wifi throughout the building Laundry facility Building main lounge Building study lounge Floor lounges Pool table, Ping pong table Communal kitchen (with stove top and oven) (one in the building) Communal refrigerator, sink Communal bathroom (separated by gender) Private bathroom in suite Elevator Automated building entrance doors *Students living in air-cooled halls are encouraged to review our  moisture control resources . 
 
 What's included in my space? 
 
 What’s included in my suite? Twin extra long bed and mattress Closet space Dresser Desk Chair Microfridge Blinds or curtains Mirrors (in every room) Wifi in bedrooms Carpeted flooring Couch Arm chair Coffee table Side table(s) Lamps Private bathroom in suite"
Busch,Buell Apartments,https://ruoncampus.rutgers.edu/living-on-campus/busch-campus/buell-apartments,"Type of Residence Hall:  Apartments 
 Number of Students:  348 
 Number of Floors:  3 
 Average Room Size:  9x15 
 Availability:  Graduate Students 
 Contract Type:  Graduate Academic Year Two Semesters 9-month – Open During University Breaks, Graduate Full Calendar Year 12-month – Open During University Breaks 
 
 
 
 
 
 What's Nearby? 
 
 Busch Dining Hall, Busch Student Center, Busch Recreation Bubble, Libraries Annex, Sonny Werblin Recreation Center, intramural fields 
 
 Features & Amenities 
 
 Air-cooled* Single bedroom per student Wifi throughout the building Laundry facility Apartment for programming space Automated building entrance doors *Students living in air-cooled halls are encouraged to review our  moisture control resources . 
 
 What's included in my space? 
 
 What’s included in my apartment? Twin extra long bed and mattress Closet space Dresser Desk Chair Blinds or curtains Wifi in bedrooms Carpeted flooring Couch Arm chair Coffee table Side tables Dining room table and chairs Lamps Hallway storage space/closet Air conditioning Linoleum flooring/carpeted flooring Sink Full size refrigerator Stove/oven Cabinet space Bathroom in apartment"
Busch,Marvin Apartments,https://ruoncampus.rutgers.edu/living-on-campus/busch-campus/marvin-apartments,"Type of Residence Hall:  Apartments 
 Number of Students:  100 
 Number of Floors:  3 
 Average Room Size:  ""15 x 11"" 
 Availability:  Student Living with Families 
 Contract Type:  Family Apartments – Monthly Rent – Open During University Breaks 
 
 
 
 
 
 What's Nearby? 
 
 Busch Dining Hall, Busch Student Center, Busch Recreation Bubble, Libraries Annex, Sonny Werblin Recreation Center, intramural fields 
 
 Features & Amenities 
 
 Air-cooled* Wifi throughout the building Laundry facility Park/playground, basketball court Apartment to be used for programming (staff access only) *Students living in air-cooled halls are encouraged to review our  moisture control resources . 
 
 What's included in my space? 
 
 What’s included in my apartment? Full sized bed and mattress Twin extra long bed and mattress Closet space Dresser Desk Chair Blinds or curtains Mirrors (in every room) Wifi in bedrooms Linoleum flooring/carpeted flooring Couch Arm chair Coffee table Side table(s) Dining room table and chairs Lamps Hallway storage space/closet Sink Full size refrigerator Stove/oven Cabinet space Private bathroom in apartment"
Busch,Mattia Hall,https://ruoncampus.rutgers.edu/living-on-campus/busch-campus/mattia-hall,"Type of Residence Hall:  Traditional Hall 
 Number of Students:  221 
 Number of Floors:  4 
 Average Room Size:  ""18 x 12"" 
 Availability:  First-Year Students 
 Contract Type:  Undergraduate Academic Year (Two semesters) 
 
 
 
 
 
 What's Nearby? 
 
 Busch Dining Hall, Busch Student Center, Busch Recreation Bubble, Libraries Annex, Sonny Werblin Recreation Center (premier athletic facility), intramural fields 
 
 Features & Amenities 
 
 Air-cooled* Vending machines Wifi throughout the building Building main lounge Building study lounge Floor lounges Pool table, table tennis, foosball table Communal bathroom (separated by gender) *Students living in air-cooled halls are encouraged to review our  moisture control resources . 
 
 What's included in my space? 
 
 What’s included in my room? Twin extra long bed and mattress Closet space Wardrobe Dresser Desk Chair Microfridge Blinds or curtains Mirrors (in every room) Wifi in bedrooms Ceiling fan Carpeted flooring"
Busch,Richardson Apartments,https://ruoncampus.rutgers.edu/living-on-campus/busch-campus/richardson-apartments,"Type of Residence Hall:  Apartments 
 Number of Students:  522 
 Number of Floors:  3 
 Average Room Size:  ""11 x 18"" 
 Availability:  Continuing Students 
 Contract Type:  Undergraduate Academic Year (Two semesters) 
 
 
 
 
 
 What's Nearby? 
 
 Busch Dining Hall, Busch Student Center, Busch Recreation Bubble, Libraries Annex, Sonny Werblin Recreation Center, intramural fields 
 
 Features & Amenities 
 
 Air-cooled* Wifi throughout the building Laundry facility Bike rack Community Center Building main lounge Pool table, foosball table *Students living in air-cooled halls are encouraged to review our  moisture control resources . 
 
 What's included in my space? 
 
 What’s included in my apartment? Twin extra long bed and mattress Closet space Desk Chair Blinds or curtains Wifi in bedrooms Hardwood flooring/carpeted flooring Couch Coffee Table Dining room table and chairs Lamps Hallway storage space/closet Sink Full size refrigerator Stove/oven Cabinet space Private bathroom in apartment"
Busch,Thomas Suites,https://ruoncampus.rutgers.edu/living-on-campus/busch-campus/thomas-suites,"Type of Residence Hall:  Suites 
 Number of Students:  177 
 Number of Floors:  4 
 Average Room Size:  ""18 x 12"" 
 Availability:  Continuing Students 
 Contract Type:  Undergraduate Academic Year (Two semesters) 
 
 
 
 
 
 What's Nearby? 
 
 Busch Dining Hall, Busch Student Center, Busch Recreation Bubble, Libraries Annex, Sonny Werblin Recreation Center, intramural fields 
 
 Features & Amenities 
 
 Air-cooled* Vending machines Wifi throughout the building Laundry facility Building mainlounge Floor lounges Pool table, ping pong table, foosball table Communal kitchen (with stove top and oven) (one in the building) Elevator *Students living in air-cooled halls are encouraged to review our  moisture control resources . 
 
 What's included in my space? 
 
 What’s included in my suite? Twin extra long bed and mattress Closet space Dresser Desk Chair Microfridge Blinds or curtains Mirrors (in every room) Wifi in bedrooms Carpeted flooring Couch Loveseat Arm chair Coffee table Side table(s) Lamps Private bathroom in room"
Busch,Crosby Suites,https://ruoncampus.rutgers.edu/living-on-campus/busch-campus/crosby-suites,"Type of Residence Hall:  Suites 
 Number of Students:  177 
 Number of Floors:  4 
 Average Room Size:  ""18 x 12"" 
 Availability:  Continuing Students 
 Contract Type:  Undergraduate Academic Year (Two semesters) 
 
 
 
 
 
 What's Nearby? 
 
 Busch Dining Hall, Busch Student Center, Busch Recreation Bubble, Libraries Annex, Sonny Werblin Recreation Center, intramural fields 
 
 Features & Amenities 
 
 Air-cooled* Vending machines Wifi throughout the building Laundry facility Building main lounge Floor lounges Pool table, ping pong table, foosball table Communal kitchen (with stove top and oven) (one in the building) Private bathroom in room Elevator *Students living in air-cooled halls are encouraged to review our  moisture control resources .   
 
 What's included in my space? 
 
 What’s in my room? Twin extra long bed and mattress Closet space Dresser Desk Chair Microfridge Blinds or curtains Mirrors (in every room) Wifi in bedrooms Carpeted flooring Couch Loveseat Arm chair Coffee table Side table(s)"
Busch,Johnson Apartments,https://ruoncampus.rutgers.edu/living-on-campus/busch-campus/johnson-apartments,"Type of Residence Hall:  Apartments 
 Number of Students:  136 
 Number of Floors:  2 
 Average Room Size:  ""10 x 11"" 
 Availability:  Graduate Students 
 Contract Type:  Graduate Full Calendar Year 12-month – Open During University Breaks 
 
 
 
 
 
 What's Nearby? 
 
 Busch Dining Hall, Busch Student Center, Busch Recreation Bubble, Libraries Annex, Sonny Werblin Recreation Center, intramural fields 
 
 Features & Amenities 
 
 Air-cooled* (living room only) Wifi throughout the building Laundry facility Park/playground *Students living in air-cooled halls are encouraged to review our  moisture control resources . 
 
 What's included in my space? 
 
 What’s in my apartment? Twin extra long bed and mattress Closet space Desk Chair Blinds or curtains Wifi in bedrooms Carpeted flooring Couch Side table(s) Dining room table and chairs Lamps Hallway storage space/closet Sink Full size refrigerator Stove/oven Cabinet space Pantry room Hardwood flooring Private bathroom in apartment"
Busch,Metzger Hall,https://ruoncampus.rutgers.edu/living-on-campus/busch-campus/metzger-hall,"Type of Residence Hall:  Traditional Hall 
 Number of Students:  220 
 Number of Floors:  4 
 Average Room Size:  ""18 x 12"" 
 Availability:  Continuing Students, First-Year Students 
 Contract Type:  Undergraduate Academic Year (Two semesters) 
 
 
 
 
 
 What's Nearby? 
 
 Busch Dining Hall, Busch Student Center, Busch Recreation Bubble, Libraries Annex, Sonny Werblin Recreation Center, intramural fields 
 
 Features & Amenities 
 
 Air-cooled* Vending machines Wifi throughout the building Building main lounge Building study lounge Floor lounges Pool table, table tennis, foosball table Communal bathroom (separated by gender) *Students living in air-cooled halls are encouraged to review our  moisture control resources . 
 
 What's included in my space? 
 
 What’s included in my room? Twin extra long bed and mattress Closet space Dresser Desk Chair Microfridge Blinds or curtains Wifi in bedrooms Carpeted flooring"
Busch,Silvers Apartments,https://ruoncampus.rutgers.edu/living-on-campus/busch-campus/silvers-apartments,"Type of Residence Hall:  Apartments 
 Number of Students:  475 
 Number of Floors:  4 
 Average Room Size:  ""12 x 16"" 
 Availability:  Continuing Students 
 Contract Type:  Undergraduate Academic Year (Two semesters) 
 
 
 
 
 
 What's Nearby? 
 
 Busch Dining Hall, Busch Student Center, Busch Recreation Bubble, Libraries Annex, Sonny Werblin Recreation Center, intramural fields 
 
 Features & Amenities 
 
 Air-cooled* Vending machines Wifi throughout the building Laundry facility Silvers Community Center Pool table, ping pong table, foosball table Automated building entrance doors Separate entrances for ADA compliance *Students living in air-cooled halls are encouraged to review our  moisture control resources . 
 
 What's included in my space? 
 
 What’s included in my apartment? Twin extra long bed and mattress Closet space Dresser Desk Chair Blinds or curtains Wifi in bedrooms Carpeted flooring/tile flooring Couch Arm chair Coffee Table Side table(s) Dining room table and chairs Lamps Hallway storage space/closet Sink Full size refrigerator Stove/oven Cabinet space Walk-In tile/glass showers with rainfall and hand held shower head Private bathroom in apartment"
Busch,Winkler Suites,https://ruoncampus.rutgers.edu/living-on-campus/busch-campus/winkler-suites,"Type of Residence Hall:  Suites 
 Number of Students:  177 
 Number of Floors:  4 
 Average Room Size:  ""18 x 12"" 
 Availability:  Continuing Students 
 Contract Type:  Undergraduate Academic Year (Two semesters) 
 
 
 
 
 
 What's Nearby? 
 
 Busch Dining Hall, Busch Student Center, Busch Recreation Bubble, Libraries Annex, Sonny Werblin Recreation Center, intramural fields 
 
 Features & Amenities 
 
 Air-cooled* Wifi throughout the building Media room Laundry facility Building main lounge Floor lounges Pool table Communal kitchen (with stove top and oven) (one in the building) Communal refrigerator, sink Elevator *Students living in air-cooled halls are encouraged to review our  moisture control resources . 
 
 What's included in my space? 
 
 What’s included in my suite? Twin extra long bed and mattress Closet space Dresser Desk Chair Microfridge Blinds or curtains Mirrors (in every room) Wifi in bedrooms Carpeted flooring Couch Arm chair Coffee table Side table(s) Lamps Private bathroom in suite"
Busch,B.E.S.T Neighborhood,https://ruoncampus.rutgers.edu/living-on-campus/busch-campus/best-neighborhood,"Type of Residence Hall:  Suites 
 Number of Students:  499 
 Number of Floors:  4 
 Average Room Size:  273 Square Feet 
 Availability:  First-Year Students 
 Contract Type:  Undergraduate Academic Year (Two semesters) 
 
 
 
 
 
 What's Nearby? 
 
 The Busch Dining Hall, Busch Student Center, Busch Recreation Center, Pharmacy, Science Labs, Engineering Buildings, University bus stops. 
 
 Features & Amenities 
 
 Air conditioning Vending machines Wifi throughout the building Laundry facility in each building Computer lab Lounges on each floor Study Lounge (West 2nd floor, open to all BEST residents) Pool table, foosball table Communal kitchen with oven (no stove top) in each building Public bathroom available on first floor of WEST building Elevator Accessibility Ramps into each building Automated entrance doors (automated swipe door only in East building) 
 
 What's included in my space? 
 
 Twin extra long bed and mattress Wardrobe Dresser Desk Chair Microfridge Blinds or curtains Mirrors (in every room) Wifi in bedrooms Hardwood flooring Private bathroom in room"
Busch,Allen Hall,https://ruoncampus.rutgers.edu/living-on-campus/busch-campus/allen-hall,"Type of Residence Hall:  Traditional Hall 
 Number of Students:  217 
 Number of Floors:  4 
 Average Room Size:  18x12 
 Availability:  First-Year Students 
 Contract Type:  Undergraduate Academic Year (Two semesters) 
 
 
 
 
 
 What's Nearby? 
 
 Busch Dining Hall, Busch Student Center, Busch Recreation Bubble, Libraries Annex, Sonny Werblin Recreation Center (premier athletic facility), intramural fields. 
 
 Features & Amenities 
 
 Air-cooled* Vending machines Wifi throughout the building Laundry facility Building main lounge Floor lounges Pool table, table tennis, foosball table Communal bathrooms (separated by gender) *Students living in air-cooled halls are encouraged to review our  moisture control resources . 
 
 What's included in my space? 
 
 What’s included in my room? Twin extra long bed and mattress Beds have the ability to be lofted Closet space Dresser Desk Chair Microfridge Blinds or curtains Wifi in bedrooms Carpeted flooring"
College Ave,Pell Hall,https://ruoncampus.rutgers.edu/living-on-campus/college-ave/pell-hall,"Type of Residence Hall:  Traditional Hall 
 Number of Students:  60 
 Number of Floors:  3 
 Average Room Size:  19 x 12 
 Availability:  Continuing Students 
 Contract Type:  Undergraduate Academic Year (Two semesters) 
 
 
 
 
 
 What's Nearby? 
 
 Centrally located on College Avenue Campus, placing it adjacent to University services including: College Avenue Gym, Alexander Library, Brower Commons Dining Hall, Rutgers Student Center, Health Services, and academic buildings. A few shorts blocks to downtown New Brunswick and Easton Avenue. 
 
 Features & Amenities 
 
 Air conditioning (lounges only) Vending machines Wifi throughout the building Laundry facility Building main lounge Floor lounges Pool table, ping pong table, piano Communal refrigerator, sink Communal bathroom (separated by gender) Private shower available in hall Ramp leading into building an entrance way Ramps only accessible to first floor of Leupp, Wessels, and Pell buildings 
 
 What's included in my space? 
 
 What’s included in my room? Twin extra long bed and mattress Closet space Wardrobe Dresser Desk Chair Microfridge Blinds or curtains Mirrors (in every room) Wifi in bedrooms Linoleum flooring"
College Ave,Hegeman Hall,https://ruoncampus.rutgers.edu/living-on-campus/college-ave/hegeman-hall,"Type of Residence Hall:  Traditional Hall 
 Number of Students:  73 
 Number of Floors:  3 
 Average Room Size:  Varies 
 Availability:  Continuing Students 
 Contract Type:  Undergraduate Academic Year (Two semesters) 
 
 
 
 
 
 What's Nearby? 
 
 Centrally located on College Avenue Campus, placing it adjacent to University services including the: College Avenue Gym, Alexander Library, Brower Commons Dining Hall, Rutgers Student Center, Health Services, and academic buildings. A few shorts blocks to downtown New Brunswick and Easton Avenue. 
 
 Features & Amenities 
 
 Air conditioning (lounges only) Vending machines Wifi throughout the building Laundry facility Building main lounge Floor lounges Pool table, ping pong table, piano Communal refrigerator Communal bathroom (separated by gender) Private shower available in hall Ramp leading into building an entrance way Ramps only accessible to first floor of Leupp, Wessels, and Pell buildings 
 
 What's included in my space? 
 
 What’s included in my room? Twin extra long bed and mattress Closet space Wardrobe Dresser Desk Chair Microfridge Blinds or curtains Mirrors (in every room) Wifi in bedrooms Linoleum flooring"
College Ave,Leupp Hall,https://ruoncampus.rutgers.edu/living-on-campus/college-ave/leupp-hall,"Type of Residence Hall:  Traditional Hall 
 Number of Students:  39 
 Number of Floors:  3 
 Average Room Size:  18x11 
 Availability:  Continuing Students 
 Contract Type:  Undergraduate Academic Year (Two semesters) 
 
 
 
 
 
 What's Nearby? 
 
 Centrally located on College Avenue Campus, placing it adjacent to University services including the: College Avenue Gym, Alexander Library, Brower Commons Dining Hall, Rutgers Student Center, Health Services, and academic buildings. A few shorts blocks to downtown New Brunswick and Easton Avenue. 
 
 Features & Amenities 
 
 Air conditioning (lounges only) Vending machines Wifi throughout the building Laundry facility Building main lounge Floor lounges Pool table, ping pong table, piano Communal refrigerator Communal bathroom (separated by gender) Private shower available in hall Ramp leading into building an entrance way Ramps only accessible to first floor of Leupp, Wessels, and Pell buildings 
 
 What's included in my space? 
 
 What’s included in my room? Twin extra long bed and mattress Closet space Wardrobe Dresser Desk Chair Microfridge Blinds or curtains Mirrors (in every room) Wifi in bedrooms Linoleum flooring"
College Ave,Stonier Hall,https://ruoncampus.rutgers.edu/living-on-campus/college-ave/stonier-hall,"Type of Residence Hall:  Traditional Hall 
 Number of Students:  170 
 Number of Floors:  5 
 Average Room Size:  16 x 12 
 Availability:  Continuing Students, First-Year Students 
 Contract Type:  Undergraduate Academic Year (Two semesters) 
 
 
 
 
 
 What's Nearby? 
 
 Adjacent to Brower Commons Dining Hall and across the street from Rutgers Student Center and College Avenue Gym. Less than one block to Alexander Library and Health Services and near academic buildings. Just a short walk to downtown New Brunswick and Easton Avenue shops and restaurants. 
 
 Features & Amenities 
 
 Air-cooled* Vending machines Wifi throughout the building Laundry facility Building main lounge Pool table, ping pong table Communal kitchen with oven (no stove top) (one in the building) Communal microwave, refrigerator, sink Communal bathroom (separated by gender) Private bathroom in rooms Elevator Ramp leading into building an entrance way *Students living in air-cooled halls are encouraged to review our  moisture control resources . 
 
 What's included in my space? 
 
 What’s included in my room? Twin extra long bed and mattress Closet space Dresser Desk Chair Microfridge Blinds or curtains Mirrors (in every room) Wifi in bedrooms Linoleum flooring"
College Ave,Frelinghuysen Hall,https://ruoncampus.rutgers.edu/living-on-campus/college-ave/frelinghuysen-hall,"Type of Residence Hall:  Traditional Hall 
 Number of Students:  328 
 Number of Floors:  6 
 Average Room Size:  19x12 
 Availability:  First-Year Students 
 Contract Type:  Undergraduate Academic Year (Two semesters) 
 
 
 
 
 
 What's Nearby? 
 
 Adjacent to the Student Activities Center and convenience store. A short walk to Alexander Library, Brower Commons Dining Hall, Rutgers Student Center, College Avenue Gym, Health Services, and academic buildings. Just blocks from downtown New Brunswick and Easton Avenue shops and restaurants. 
 
 Features & Amenities 
 
 Air conditioning (lounges only) Vending machines Wifi throughout the building Laundry facility (ground floor, sixth floor) Floor lounges on every floor Building main lounge Building study lounge Pool table, foosball table Communal kitchen (with stove top and oven) (one in the building) Communal bathroom (separated by gender) Guest restrooms on ground floor Elevator Ramp leading into building an entrance way 
 
 What's included in my space? 
 
 What’s included in my room? Twin extra long bed and mattress Closet space Dresser Desk Chair Microfridge Blinds or curtains Mirrors (in every room) Wifi in bedrooms Linoleum flooring"
College Ave,Hardenbergh Hall,https://ruoncampus.rutgers.edu/living-on-campus/college-ave/hardenbergh-hall,"Type of Residence Hall:  Traditional Hall 
 Number of Students:  328 
 Number of Floors:  6 
 Average Room Size:  19x12 
 Availability:  Continuing Students 
 Contract Type:  Undergraduate Academic Year (Two semesters) 
 
 
 
 
 
 What's Nearby? 
 
 Adjacent to the Student Activities Center and convenience store. A short walk to Alexander Library, Brower Commons Dining Hall, Rutgers Student Center, College Avenue Gym, Health Services, and academic buildings. Just blocks from downtown New Brunswick and Easton Avenue shops and restaurants. 
 
 Features & Amenities 
 
 Air conditioning Vending machines Wifi throughout the building Laundry facility Building main lounge Building study lounge Floor lounges Pool table, ping pong table, foosball table Communal kitchen (with stove top and oven) (one in the building) Communal microwave, refrigerator, sink Communal bathroom (separated by gender) Elevator Ramp leading into building an entrance way 
 
 What's included in my space? 
 
 What’s included in my room? Twin extra long bed and mattress Closet space Dresser Desk Chair Microfridge Blinds or curtains Mirrors (in every room) Wifi in bedrooms Linoleum flooring"
College Ave,Wessels Hall,https://ruoncampus.rutgers.edu/living-on-campus/college-ave/wessels-hall,"Type of Residence Hall:  Traditional Hall 
 Number of Students:  60 
 Number of Floors:  3 
 Average Room Size:  19 x 12 
 Availability:  Continuing Students 
 Contract Type:  Undergraduate Academic Year (Two semesters) 
 
 
 
 
 
 What's Nearby? 
 
 Centrally located on College Avenue Campus, placing it adjacent to University services including: College Avenue Gym, Alexander Library, Brower Commons Dining Hall, Rutgers Student Center, Health Services, and academic buildings. A few shorts blocks to downtown New Brunswick and Easton Avenue. 
 
 Features & Amenities 
 
 Air conditioning (lounges only) Vending machines Wifi throughout the building Laundry facility Building main lounge Floor lounges Pool table, ping pong table, piano Communal refrigerator Communal bathroom (separated by gender) Private shower available in hall Ramp leading into building an entrance way Ramps only accessible to first floor of Leupp, Wessels, and Pell buildings 
 
 What's included in my space? 
 
 What’s included in my room? Twin extra long bed and mattress Closet space Wardrobe Dresser Desk Chair Microfridge Blinds or curtains Mirrors (in every room) Wifi in bedrooms Linoleum flooring"
College Ave,Brett Hall,https://ruoncampus.rutgers.edu/living-on-campus/college-ave/brett-hall,"Type of Residence Hall:  Traditional Hall 
 Number of Students:  216 
 Average Room Size:  16x12 
 Availability:  Continuing Students, Honors Student 
 Contract Type:  Undergraduate Academic Year (Two semesters) 
 
 
 
 
 
 What's Nearby? 
 
 Centrally located on College Avenue Campus, placing it adjacent to University services including: College Avenue Gym, Alexander Library, Brower Commons Dining Hall, Rutgers Student Center, Health Services, and academic buildings. A few shorts blocks to downtown New Brunswick and Easton Avenue. 
 
 Features & Amenities 
 
 Air conditioning (lounges only) Vending machines Wifi throughout the building Laundry facility Building main lounge Building study lounge Floor lounges Pool table, ping pong table Communal kitchen (with stove top and oven) (one in the building) Communal microwave, refrigerator, sink Communal bathroom (separated by gender) Elevator 
 
 What's included in my space? 
 
 What’s included in my room? Twin extra long bed and mattress Closet space Dresser Desk Chair Microfridge Blinds or curtains Wifi in bedrooms Linoleum flooring"
College Ave,Clothier Hall,https://ruoncampus.rutgers.edu/living-on-campus/college-ave/clothier-hall,"Type of Residence Hall:  Traditional Hall 
 Number of Students:  378 
 Number of Floors:  8 
 Average Room Size:  16x12 
 Availability:  Continuing Students 
 Contract Type:  Undergraduate Academic Year (Two semesters) 
 
 
 
 
 
 What's Nearby? 
 
 Centrally located on College Avenue Campus, placing it adjacent to University services including: College Avenue Gym, Alexander Library, Brower Commons Dining Hall, Rutgers Student Center, Health Services, and academic buildings. A few shorts blocks to downtown New Brunswick and Easton Avenue. 
 
 Features & Amenities 
 
 Vending machines Wifi throughout the building Laundry facility Air conditioning (lounges only) Building main lounge Building study lounge Floor lounges Pool table, ping pong table Communal kitchen with oven (no stove top) (one in the building) Communal microwave, refrigerator, sink Communal bathroom (separated by gender) Elevator 
 
 What's included in my space? 
 
 What’s included in my room? Twin extra long bed and mattress Closet space Dresser Desk Chair Microfridge Blinds or curtains Wifi in bedrooms Linoleum flooring"
College Ave,Campbell Hall,https://ruoncampus.rutgers.edu/living-on-campus/college-ave/campbell-hall,"Type of Residence Hall:  Traditional Hall 
 Number of Students:  328 
 Number of Floors:  6 
 Average Room Size:  19 x 12 
 Availability:  First-Year Students 
 Contract Type:  Undergraduate Academic Year (Two semesters) 
 
 
 
 
 
 What's Nearby? 
 
 Adjacent to the Student Activities Center and convenience store. A short walk to Alexander Library, Brower Commons Dining Hall, Rutgers Student Center, College Avenue Gym, Health Services, and academic buildings. Just blocks from downtown New Brunswick and Easton Avenue shops and restaurants. 
 
 Features & Amenities 
 
 Air conditioning (lounges only) Vending machines Wifi throughout the building Laundry facility (ground floor, sixth floor) Floor lounges on every floor Building main lounge Building study lounge Pool table, foosball table Communal kitchen (with stove top and oven) (one in the building) Communal bathroom (separated by gender) Guest restrooms on ground floor Elevator Ramp leading into building an entrance way 
 
 What's included in my space? 
 
 Twin extra long bed and mattress Closet space Dresser Desk Chair Microfridge Blinds or curtains Mirrors (in every room) Wifi in bedrooms Linoleum flooring"
College Ave,Demarest Hall,https://ruoncampus.rutgers.edu/living-on-campus/college-ave/demarest-hall,"Type of Residence Hall:  Traditional Hall 
 Number of Students:  170 
 Number of Floors:  3 
 Average Room Size:  Varies 
 Availability:  Continuing Students, First-Year Students 
 Contract Type:  Undergraduate Academic Year (Two semesters) 
 
 
 
 
 
 What's Nearby? 
 
 Centrally located on College Avenue Campus, placing it adjacent to University services including: College Avenue Gym, Alexander Library, Brower Commons Dining Hall, Rutgers Student Center, Health Services, and academic buildings. A few shorts blocks to downtown New Brunswick and Easton Avenue. 
 
 Features & Amenities 
 
 Vending machines Wifi throughout the building Reading Room/Small Library (2nd floor) Laundry facility Free expression room Building main lounge Pool table, ping pong table Communal kitchen (with stove top and oven) (one in the building) Communal microwave, refrigerator, sink Communal bathroom (separated by gender) Communal bathroom (gender neutral) 2nd floor only Wheelchair ramp at the back of the building for access to the basement lounge only Piano and drum kit, open to public use 
 
 What's included in my space? 
 
 What’s included in my room? Twin extra long bed and mattress Beds have the ability to be lofted Closet space Dresser Desk Chair Microfridge Blinds or curtains Wifi in bedrooms Linoleum flooring Room sizes may vary"
College Ave,University Center at Easton Avenue,https://ruoncampus.rutgers.edu/living-on-campus/college-ave/university-center-easton-avenue,"Type of Residence Hall:  Apartments 
 Number of Students:  649 
 Number of Floors:  12 
 Average Room Size:  12 x 18 
 Availability:  Continuing Students 
 Contract Type:  Undergraduate Academic Year (Two semesters) 
 
 
 
 
 
 What's Nearby? 
 
 Residents live right in the middle of Easton Avenue’s copious dining and shopping opportunities and are close to the New Brunswick train station, academic buildings, and the Barnes and Noble campus bookstore. 
 
 Features & Amenities 
 
 Air conditioning Vending machines Wifi throughout the building Fitness center (adjacent to building) Laundry facility Study room Building main lounge Building study lounge Floor lounges Foosball table Communal bathroom (located on 5th floor) Elevator Ramp leading into building an entrance way Automated building entrance doors 
 
 What's included in my space? 
 
 What’s included in my apartment? Twin extra long bed and mattress Closet space Dresser Desk Chair Blinds or curtains Wifi in bedrooms Linoleum flooring/carpeted flooring Couch Arm chair Coffee table Side table(s) Dining room table and chairs Lamps Sink Full size refrigerator Stove/oven Kitchen comes with microwave Cabinet space Pantry room Single bathroom in apartment Double sinks and mirrors with cabinets underneath"
College Ave,Honors College,https://ruoncampus.rutgers.edu/living-on-campus/college-ave/honors-college,"Type of Residence Hall:  Traditional Hall 
 Number of Students:  542 
 Number of Floors:  5 (4 residential) 
 Average Room Size:  Varies 
 Availability:  First-Year Honors College Students 
 Contract Type:  Undergraduate Academic Year (Two semesters) 
 
 
 
 
 
 What's Nearby? 
 
 Adjacent to the new Academic Building and the classrooms on Voorhees Mall. The Honors College is also a short walk from the Student Activities Center and convenience store, the Rutgers Student Center, Brower Commons Dining Hall, the College Avenue Gym, Health Services, and both Alexander and Zimmerli libraries. Also within convenient walking distance of downtown New Brunswick and Easton Avenue shops and restaurants. 
 
 Features & Amenities 
 
 Air conditioning Vending machines Wifi throughout the building Laundry facility Coffee bar Outdoor courtyard Seminar rooms Innovation lab/maker space Honors College office suite Building main lounge Building study lounge Active/working fireplace Floor lounge(s) Pool table, Ping pong table Communal kitchen with oven (no stovetop) (one in the building) Communal microwave, sink Communal bathroom (separated by gender) Communal bathroom (gender neutral) Silver LEED building (air conditioning ranges from 72-75 for cooling and heating) Elevator Ramp leading into building an entranceway Automated building entrance doors 
 
 What's included in my space? 
 
 What’s included in my room? Twin extra long bed and mattress Wardrobe Dresser Desk Chair Microfridge Window shades Wifi in bedrooms Carpeted flooring Beds have the ability to be bunked (not lofted)"
College Ave,Sojourner Truth Apartments,https://ruoncampus.rutgers.edu/living-on-campus/college-ave/sojourner-truth-apartments,"Type of Residence Hall:  Apartments 
 Number of Students:  436 
 Average Room Size:  Varies 
 Availability:  Continuing Students 
 Contract Type:  Undergraduate Academic Year (Two Semesters 9-Month) 
 
 
 
 
 
 What's Nearby? 
 
 The Sojourner Truth Apartments  are situated above The Yard, a multi-use project by the New Brunswick Development Corporation (DEVCO). Featuring common areas, green spaces, and a video monitor, the Yard will also be home to select retailers and restaurants, including: Bubbleology, honeygrow, RU Hungry, Rutgers Mailroom, Krispy Pizza, Jersey Mike’s, and Starbucks. Residents of the  Sojourner Truth Apartments  also live right in the middle of Easton Avenue’s copious dining and shopping opportunities and are close to the New Brunswick train station, academic buildings, and the Barnes and Noble campus bookstore. 
 
 Features & Amenities 
 
 Air conditioning Vending machines Wifi throughout the building Fitness center (located on 2nd floor) Laundry facility Building main lounge Building study lounge Sky lounges on 14th floor with views of NYC skyline Floor lounge(s) Private bathroom in apartment Elevator Ramp leading into building an entranceway Automated building entrance doors 
 
 What's included in my space? 
 
 What’s included in my apartment? Full sized bed and mattress Wardrobe Desk Chair Blinds or curtains Wifi in bedrooms Carpeted flooring 2 drawers come under the bed Nightstand with 1 drawer Couch Arm chair Coffee Table Side Table(s) TV Stand Kitchen island with chairs Hallway storage space/closet Linoleum flooring Sink Full size refrigerator Stove/oven Kitchen comes with microwave Cabinet space Pantry room Room closet/pantry sizes may vary 2-bedroom apartments have 1 bathroom 3-bedroom apartments have 1.5 bathrooms 4-bedroom apartments have 2 bathrooms"
College Ave,Mettler Hall,https://ruoncampus.rutgers.edu/living-on-campus/college-ave/mettler-hall,"Type of Residence Hall:  Traditional Hall 
 Number of Students:  202 
 Number of Floors:  4 
 Average Room Size:  16 x 12 
 Availability:  Continuing Students, First-Year Students 
 Contract Type:  Undergraduate Academic Year (Two semesters) 
 
 
 
 
 
 What's Nearby? 
 
 Centrally located on College Avenue Campus, placing it adjacent to University services including: College Avenue Gym, Alexander Library, Brower Commons Dining Hall, Rutgers Student Center, Health Services, and academic buildings. A few short blocks to downtown New Brunswick and Easton Avenue. 
 
 Features & Amenities 
 
 Air conditioning (lounges only) Vending machines Wifi throughout the building Laundry facility Building main lounge Building study lounge Floor lounges Pool table, ping pong table, foosball table Communal kitchen (with stove top and oven) (one in the building) Communal microwave, refrigerator Communal bathroom (separated by gender) Elevator 
 
 What's included in my space? 
 
 What’s included in my room? Twin extra long bed and mattress Closet space Wardrobe Dresser Desk Chair Microfridge Blinds or curtains Mirrors (in every room) Linoleum flooring"
College Ave,Tinsley Hall,https://ruoncampus.rutgers.edu/living-on-campus/college-ave/tinsley-hall,"Type of Residence Hall:  Traditional Hall 
 Number of Students:  203 
 Number of Floors:  4 
 Average Room Size:  16 x 12 
 Availability:  First-Year Students 
 Contract Type:  Undergraduate Academic Year (Two semesters) 
 
 
 
 
 
 What's Nearby? 
 
 Adjacent to Brower Commons Dining Hall, Health Services, and Rutgers Student Center. A short walk to the College Avenue Gym and Alexander Library. Easy access to College Avenue academic buildings. Just a short walk to downtown New Brunswick and Easton Avenue shops and restaurants. 
 
 Features & Amenities 
 
 Air conditioning (lounges only) Vending machines Wifi throughout the building Laundry facility Building main lounge Building study lounge Floor lounges Pool table, ping pong table Communal kitchen (with stove top and oven) (one in the building) Communal microwave, refrigerator, sink Communal bathroom (separated by gender) Elevator 
 
 What's included in my space? 
 
 What’s included in my room? Twin extra long bed and mattress Closet space Dresser Desk Chair Microfridge Blinds or curtains Wifi in bedrooms Linoleum flooring"
Cook/Douglass,Nicholas Hall,https://ruoncampus.rutgers.edu/living-on-campus/cookdouglass/nicholas-hall,"Type of Residence Hall:  Traditional Hall 
 Number of Students:  230 
 Number of Floors:  3 
 Average Room Size:  11x16 
 Availability:  First-Year Students, Transfer Students 
 Contract Type:  Undergraduate Academic Year (Two semesters) 
 
 
 
 
 
 What's Nearby? 
 
 Adjacent to Neilson Dining Hall. Near the Cook Student Center, Cook/Douglass Recreation Center, intramural fields. Also a short walk to Douglass Campus Center, Douglass Library, Laurie Music Library, and the Rutgers Arts Center Complex. 
 
 Features & Amenities 
 
 Vending machines Wifi throughout the building Laundry facility Building main lounge Floor lounge(s) Flat screen television(s) (with cable) Pool table, foosball table Communal sink Kitchen with oven (no stovetop in basement) Communal bathroom (separated by gender) Laminated flooring 
 
 What's included in my space? 
 
 What’s included in my room? Twin extra long bed and mattress Closet space Dresser Desk Chair Microfridge Blinds or curtains Wifi in bedrooms Laminate flooring"
Cook/Douglass,Perry Hall,https://ruoncampus.rutgers.edu/living-on-campus/cookdouglass/perry-hall,"Type of Residence Hall:  Traditional Hall 
 Number of Students:  174 
 Number of Floors:  4 
 Average Room Size:  11x18 
 Availability:  First-Year Students 
 Contract Type:  Undergraduate Academic Year (Two semesters) 
 
 
 
 
 
 What's Nearby? 
 
 Near the Cook Student Center, Cook/Douglass Recreation Center, and intramural fields. Also a short walk to Neilson Dining Hall. 
 
 Features & Amenities 
 
 Air-cooled* Vending machines Wifi throughout the building Laundry facility Park/playground, basketball court, tennis court Building main lounge Building study lounge Floor lounge(s) Flat screen television(s) (with cable) Pool table, foosball table Communal kitchen (with stovetop and oven) (on every floor/wing) Communal bathroom (separated by gender) Ramp leading into building an entranceway Automated building entrance doors *Students living in air-cooled halls are encouraged to review our  moisture control resources . 
 
 What's included in my space? 
 
 What’s included in my room? Twin extra long bed and mattress Closet space Dresser Desk Chair Microfridge Blinds or curtains Mirrors (in every room) Wifi in bedrooms Hardwood flooring Carpeted flooring"
Cook/Douglass,Newell Apartments,https://ruoncampus.rutgers.edu/living-on-campus/cookdouglass/newell-apartments,"Type of Residence Hall:  Apartments 
 Number of Students:  982 
 Number of Floors:  2 
 Average Room Size:  13x11 
 Availability:  Continuing Students 
 Contract Type:  Undergraduate Academic Year (Two semesters) 
 
 
 
 
 
 What's Nearby? 
 
 A short walk from the Cook Student Center, Cook/Douglass Recreation Center, intramural fields, Neilson Dining Hall, and The Barkyard Playground for Puppy Raisers and Seeing Eye Clubs. 
 
 Features & Amenities 
 
 Air-cooled* Laundry facility and main lounge located in PAL Building Certain building entrances accessible by ramp Basketball courts *Students living in air-cooled halls are encouraged to review our  moisture control resources . 
 
 What's included in my space? 
 
 What’s included in my apartment? Twin extra long bed and mattress Wardrobe Dresser Desk Chair Blinds or curtains Cable TV ready (in every room) Wifi in bedrooms Linoleum flooring/carpeted flooring Couch Arm chair Coffee Table Dining room table and chairs Kitchen island with chairs Sink Full size refrigerator Stove/oven Cabinet space Pantry room"
Cook/Douglass,Lippincott Hall,https://ruoncampus.rutgers.edu/living-on-campus/cookdouglass/lippincott-hall,"Type of Residence Hall:  Traditional Hall 
 Number of Students:  238 
 Number of Floors:  4 
 Average Room Size:  11x14 
 Availability:  First-Year Students 
 Contract Type:  Undergraduate Academic Year (Two semesters) 
 
 
 
 
 
 What's Nearby? 
 
 A short walk to Neilson Dining Hall, Cook Student Center, Cook/Douglass Recreation Center, and intramural fields. Also close to the Douglass College Center and the Rutgers Arts Complex. 
 
 Features & Amenities 
 
 Wifi throughout the building Laundry facility Building main lounge Building study lounge Floor lounge(s) Flat screen television(s) (with cable) Ping pong table, foosball table, pool table Communal kitchen (with stovetop and oven) (on every floor/wing) Communal microwave, sink Communal bathroom (separated by gender) Elevator 
 
 What's included in my space? 
 
 What’s included in my room? Twin extra long bed and mattress Closet space Desk Chair Microfridge Blinds or curtains Cable TV ready (in every room) Wifi in bedrooms Laminate flooring"
Cook/Douglass,Henderson Apartments,https://ruoncampus.rutgers.edu/living-on-campus/cookdouglass/henderson-apartments,"Type of Residence Hall:  Apartments 
 Number of Students:  274 
 Number of Floors:  4 
 Average Room Size:  12x16 
 Availability:  Continuing Students 
 Contract Type:  Undergraduate Academic Year (Two semesters) 
 
 
 
 
 
 What's Nearby? 
 
 Nielson Dining Hall, Cook/Douglass Recreation Center, and Cook Student Center. 
 
 Features & Amenities 
 
 Air-cooled* Vending machines Wifi throughout the building Laundry facility Building main lounge Communal kitchen with oven (no stovetop) (one in the building) Private bathroom in apartment Lounge has communal bathrooms Automated building entrance to the lounge with swipe Ramp leading to a specific house (7) *Students living in air-cooled halls are encouraged to review our  moisture control resources . 
 
 What's included in my space? 
 
 What’s included in my apartment? Twin extra long bed and mattress Closet space Dresser Desk Chair Blinds or curtains Wifi in bedrooms Linoleum flooring Couch Arm chair Coffee Table Side Table(s) Dining room table and chairs Lamps Sink Full size refrigerator Stove/oven Cabinet space Pantry room"
Cook/Douglass,Katzenbach Hall,https://ruoncampus.rutgers.edu/living-on-campus/cookdouglass/katzenbach-hall,"Type of Residence Hall:  Traditional Hall 
 Number of Students:  236 
 Number of Floors:  4 
 Average Room Size:  11x14 
 Availability:  First-Year Students 
 Contract Type:  Undergraduate Academic Year (Two semesters) 
 
 
 
 
 
 What's Nearby? 
 
 Neilson Dining Hall, Cook Student Center, Cook/Douglass Recreation Center, intramural fields, Hickman Hall, and Douglass Student Center. 
 
 Features & Amenities 
 
 Air conditioning (lounges only) Vending machines Wifi throughout the building Laundry facility Building main lounge Building study lounge House/floor lounge(s) Flat screen televisions with cable (in some lounges) Communal kitchen (one in the building with stovetop and oven), communal microwave, sink Communal bathroom (separated by gender) Elevator Ramp leading up to building entranceway Automated building entrance doors (one room with swipe entry) Outdoor gazebo 
 
 What's included in my space? 
 
 What’s included in my room? Twin extra long bed and mattress Closet space Dresser Desk Chair Microfridge Blinds or curtains Wifi in bedrooms Linoleum flooring"
Cook/Douglass,Starkey Apartments,https://ruoncampus.rutgers.edu/living-on-campus/cookdouglass/starkey-apartments,"Type of Residence Hall:  Apartments 
 Number of Students:  384 
 Number of Floors:  3 
 Average Room Size:  11x18 
 Availability:  Continuing Students, Graduate Students 
 Contract Type:  Graduate Full Calendar Year 12-month – Open During University Breaks, Undergraduate Academic Year (Two semesters) 
 
 
 
 
 
 What's Nearby? 
 
 Near the Cook Student Center, Cook/Douglass Recreation Center, intramural fields, and The Barkyard Playground for Puppy Raisers and Seeing Eye Clubs. Also a short walk to Neilson Dining Hall. 
 
 Features & Amenities 
 
 Air-cooled* Laundry facility and main lounge located in PAL Building Ramp leading into building entranceway Basketball courts *Students living in air-cooled halls are encouraged to review our  moisture control resources . 
 
 What's included in my space? 
 
 What’s included in my apartment? Twin extra long bed and mattress Wardrobe Dresser Desk Chair Blinds or curtains Cable TV ready (in every room) Wifi in bedrooms Linoleum flooring/carpeted flooring Couch Arm chair Coffee Table Dining room table and chairs Kitchen island with chairs Sink Full size refrigerator Stove/oven Cabinet space Pantry room"
Cook/Douglass,New Gibbons,https://ruoncampus.rutgers.edu/living-on-campus/cookdouglass/new-gibbons,"Type of Residence Hall:  Traditional Hall 
 Number of Students:  442 
 Number of Floors:  3 
 Average Room Size:  13x16 
 Availability:  Continuing Students, First-Year Students 
 Contract Type:  Undergraduate Academic Year (Two semesters) 
 
 
 
 
 
 What's Nearby? 
 
 Mason Gross School of the Arts, Neilson Dining Hall 
 
 Features & Amenities 
 
 Vending machines Wifi throughout the building Laundry facility Courtyard in the center of each complex Recreation lounge with attached full-communal kitchen (2 in complex) Communal refrigerator, sink Practice rooms for Mason Gross students, piano Building main lounge Building study lounge Floor lounge(s) Flat screen television(s) (with cable) Pool table, ping pong table Communal bathroom (separated by gender) Communal bathroom (gender neutral) Bus stop is located directly in front of building Ramp leading into building an entranceway (only for New Gibbons A6 building) 
 
 What's included in my space? 
 
 What’s included in my room? Twin extra long bed and mattress Closet space Dresser Desk Chair Microfridge Blinds or curtains Cable TV ready (in every room) Wifi in bedrooms Carpeted flooring"
Cook/Douglass,Helyar House,https://ruoncampus.rutgers.edu/living-on-campus/cookdouglass/helyar-house,"Type of Residence Hall:  Traditional Hall 
 Number of Students:  40 
 Number of Floors:  2 
 Average Room Size:  12x15 
 Availability:  Continuing Students, First-Year Students 
 Contract Type:  Undergraduate Academic Year (Two semesters) 
 
 
 
 
 
 What's Nearby? 
 
 Neilson Dining Hall, Cook Student Center, Chang Library, Cook/Douglass Recreation Center, intramural fields. Is a short walk to Douglass Student Center, Douglass Library, Laurie Music Library, Rutgers Arts Center complex. 
 
 Features & Amenities 
 
 Wifi throughout the building Laundry facility Building study lounge Dining room Ping pong table Communal kitchen (with stovetop and oven) (one in the building) Communal microwave Communal refrigerator, sink Communal bathroom (separated by gender) 
 
 What's included in my space? 
 
 What’s included in my room? Twin extra long bed and mattress Wardrobe Dresser Desk Chair Blinds or curtains Wifi in bedrooms Linoleum flooring Couch arm chair Side Table(s) TV Stand Linoleum flooring"
Cook/Douglass,Voorhees Residence Hall,https://ruoncampus.rutgers.edu/living-on-campus/cookdouglass/voorhees-residence-hall,"Type of Residence Hall:  Traditional Hall 
 Number of Students:  222 
 Number of Floors:  4 
 Average Room Size:  11 x 16  
 Availability:  First-Year Students 
 Contract Type:  Undergraduate Academic Year (Two semesters) 
 
 
 
 
 
 What's Nearby? 
 
 Near Cook Student Center, Cook/Douglass Recreation Center, and intramural fields. Also a short walk to Neilson Dining Hall. 
 
 Features & Amenities 
 
 Air-cooled* Vending machines Wifi throughout the building Laundry facility Basketball court, tennis court Building main lounge Building study lounge Floor lounge(s) Ping pong table, foosball table Communal bathroom (separated by gender) *Students living in air-cooled halls are encouraged to review our  moisture control resources . 
 
 What's included in my space? 
 
 What’s included in my room? Twin extra long bed and mattress Closet space Wardrobe Dresser Desk Chair Microfridge Blinds or curtains Wifi in bedrooms Carpeted flooring"
Cook/Douglass,Woodbury Bunting-Cobb Hall,https://ruoncampus.rutgers.edu/living-on-campus/cookdouglass/woodbury-bunting-cobb-hall,"Type of Residence Hall:  Traditional Hall 
 Number of Students:  228 
 Number of Floors:  3 
 Average Room Size:  11 x 16 
 Availability:  Continuing Students, First-Year Students 
 Contract Type:  Undergraduate Academic Year (Two semesters) 
 
 
 
 
 
 What's Nearby? 
 
 Adjacent to Neilson Dining Hall and intramural fields. A short walk to the Douglass Student Center, Library, Cook Student Center, Cook/Douglass Recreation Center, Music Library, and Rutgers Arts Center Complex. 
 
 Features & Amenities 
 
 Air conditioning (lounges only) Vending machines Wifi throughout the building Laundry facility Building main lounge Building study lounge Floor lounge Pool table Communal kitchen (with stovetop and oven) (on every floor/wing) Communal microwave Communal refrigerator, sink Communal bathroom (separated by gender) Ramp leading into building an entranceway Automated building entrance doors 
 
 What's included in my space? 
 
 What’s included in my room? Twin extra long bed and mattress Closet space Dresser Desk Chair Microfridge Blinds or curtains Wifi in bedrooms Linoleum flooring"
Cook/Douglass,Jameson Hall,https://ruoncampus.rutgers.edu/living-on-campus/cookdouglass/jameson-hall,"Type of Residence Hall:  Traditional Hall 
 Number of Students:  280 
 Number of Floors:  2 floors (Jameson G), 3 floors (Jameson W) 
 Average Room Size:  Varies 
 Availability:  Continuing Students 
 Contract Type:  Undergraduate Academic Year (Two semesters) 
 
 
 
 
 
 What's Nearby? 
 
 Jameson is located on the side of campus facing downtown New Brunswick and is a short walk to the Douglass Student Center, the bus stop, and the Mabel Smith Douglass Library. 
 
 Features & Amenities 
 
 Air-cooled* (Jameson G) Air conditioning (lounges only) (Jameson C) Elevator (Jameson G) Automated building entrance doors (Jameson G) Vending machines (Jameson A, B, C, D, G, H) Wifi throughout the building (Jameson A, B, C, D, G, H) Laundry facility (Jameson A, B, C, G, H) Multipurpose room (through reservation) (Jameson G) Building main lounge (Jameson A, B, C, D, G, H) Building study lounge (Jameson C, G, H) Active/working fireplace (Jameson G) Flat screen television(s) (with cable) (Jameson A, B, C, D, G, H) Pool table (Jameson C, Communal kitchen (with stovetop and oven) (one in building) (Jameson C, H) Communal refrigerator, microwave, sink) (Jameson C, H) Communal bathroom (separated by gender) (Jameson A, B, C, D, G, H) *Students living in air-cooled halls are encouraged to review our  moisture control resources . 
 
 What's included in my space? 
 
 Twin extra long bed and mattress Closet space Wardrobe Dresser (Jameson G ONLY) Desk Chair Microfridge Blinds or curtains Mirrors (in every room) Cable TV ready (in every room) Wifi in bedrooms Carpeted flooring Linoleum flooring (Jameson G ONLY)"
Livingston,Quad I,https://ruoncampus.rutgers.edu/living-on-campus/livingston/quad-i,"Type of Residence Hall:  Traditional Hall 
 Number of Students:  468 
 Number of Floors:  5 
 Average Room Size:  14 x 15 
 Availability:  Continuing Students, First-Year Students 
 Contract Type:  Undergraduate Academic Year (Two semesters) 
 
 
 
 
 
 What's Nearby? 
 
 Lots of green space, adjacent to Livingston Recreation Center. Near Livingston Student Center, Tillett Hall, Livingston Dining Commons, and the Livingston Arts Center. Short walk to Louis Brown Athletic Center, and the  Plaza at Livingston . 
 
 Features & Amenities 
 
 Air conditioning (lounges only) Vending machines Wifi throughout the building Media room Laundry facility Building main lounge Building study lounge House lounge(s) Pool table, ping pong table, foosball table Communal kitchen (one in the building) Communal bathroom (separated by gender) 
 
 What's included in my space? 
 
 Twin extra long bed and mattress Closet space Dresser Desk Chair Microfridge Ceiling fan Linoleum flooring"
Livingston,Lynton Towers South,https://ruoncampus.rutgers.edu/living-on-campus/livingston/lynton-towers-south,"Type of Residence Hall:  Traditional Hall 
 Number of Students:  343 
 Number of Floors:  7 
 Average Room Size:  Varies 
 Availability:  Continuing Students, First-Year Students 
 Contract Type:  Undergraduate Academic Year (Two semesters) 
 
 
 
 
 
 What's Nearby? 
 
 Adjacent to Livingston Student Center, Livingston Dining Commons. Near Tillett Hall, Kilmer Area Library, Livingston Recreation Center, intramural fields, and a short walk to  Louis Brown Athletic Center  and the  Plaza at Livingston , home to: Starbucks, Qdoba Mexican Grill, Rutgers Cinema, Kilmer’s Market, kite+key Rutgers Tech Store, Hoja Asian Fusion, Henry’s Diner, 16 Handles, and The Wright Cut. 
 
 Features & Amenities 
 
 Vending machines Wifi throughout the building Coffee house Laundry facility Building main lounge House/floor lounge(s) Pool table, ping pong table, foosball table Air hockey table Communal kitchen (with stovetop and oven) (on every floor/wing) Communal bathroom (separated by gender) Connecting corridor and main lounge are air cooled Elevator 
 
 What's included in my space? 
 
 What’s included in my room? Twin extra long bed and mattress Wardrobe Dresser Desk Chair Microfridge Blinds or curtains Mirrors (in every room) Wifi in bedrooms Ceiling fan Linoleum flooring"
Livingston,Quad II,https://ruoncampus.rutgers.edu/living-on-campus/livingston/quad-ii,"Type of Residence Hall:  Traditional Hall 
 Number of Students:  505 
 Number of Floors:  5 
 Average Room Size:  14 x 15 
 Availability:  Continuing Students, First-Year Students 
 Contract Type:  Undergraduate Academic Year (Two semesters) 
 
 
 
 
 
 What's Nearby? 
 
 Lots of green space, adjacent to Livingston Recreation Center. Near Livingston Student Center, Tillett Hall, Livingston Dining Commons, and the Livingston Arts Center. Short walk to Louis Brown Athletic Center, and the  Plaza at Livingston . 
 
 Features & Amenities 
 
 Air conditioning (lounges only) Vending machines Wifi throughout the building Media room Laundry facility Building main lounge Building study lounge House lounge(s) Pool table, ping pong table, foosball table Communal kitchen (with stovetop and oven) (one in the building) (reserved for PALS students) Communal bathroom (separated by gender) 
 
 What's included in my space? 
 
 What’s included in my room? Twin extra long bed and mattress Closet space Dresser Desk Chair Microfridge Blinds or curtains Wifi in bedrooms Ceiling fan Linoleum flooring"
Livingston,Livingston Apartments,https://ruoncampus.rutgers.edu/living-on-campus/livingston/livingston-apartments,"Type of Residence Hall:  Apartments 
 Number of Students:  1,488 
 Number of Floors:  Up to 7 
 Average Room Size:  Varies 
 Availability:  Continuing Students, Graduate Students 
 Contract Type:  Graduate Academic Year Two Semesters 9-month – Open During University Breaks, Graduate Full Calendar Year 12-month – Open During University Breaks, Undergraduate Academic Year (Two Semesters 9-Month) 
 
 
 
 
 
 What's Nearby? 
 
 Livingston Student Center, Dining Hall, Kilmer Library, Livingston Plaza retail, Livingston Campus academic buildings, Louis Brown Athletic Center (RAC), Livingston Recreation Center. 
 
 Features & Amenities 
 
 Air conditioning Vending machines Wifi throughout the building Laundry facility Building main lounge Building study lounge Floor lounge(s) Pool table, ping pong table, foosball table Communal demo kitchens (with stovetop and oven) with seating up to 30 people (one in each building: A, B, C) On-site computer lab (Building C) Additional study and programming spaces (Reading Rooms) Conveniently located above the Livingston Plaza shops (retail, restaurants, cinema) Elevator Ramp leading into building an entranceway Automated building entrance doors 
 
 What's included in my space? 
 
 What’s included in my apartment? Twin extra long bed and mattress Wardrobe Dresser Desk Chair Blinds or curtains Wifi in bedrooms Hardwood flooring Couch Arm chair Coffee Table Side Table(s) TV stand Kitchen island with chairs Lamps Hallway storage space/closet Sink Full size refrigerator"
Livingston,Quad III,https://ruoncampus.rutgers.edu/living-on-campus/livingston/quad-iii,"Type of Residence Hall:  Traditional Hall 
 Number of Students:  494 
 Number of Floors:  5 
 Average Room Size:  14x15 
 Availability:  Continuing Students, First-Year Students 
 Contract Type:  Undergraduate Academic Year (Two semesters) 
 
 
 
 
 
 What's Nearby? 
 
 Lots of green space, adjacent to Livingston Recreation Center. Near Livingston Student Center, Tillett Hall, Livingston Dining Commons, and the Livingston Arts Center. Short walk to Louis Brown Athletic Center, and the  Plaza at Livingston . 
 
 Features & Amenities 
 
 Air conditioning (lounges only) Vending machines Wifi throughout the building Coffee house Laundry facility Across street from Livingston Rec Center and outdoor rec facilities Bus stop in front of building Building main lounge Building study lounge House lounge(s) Coffee House lounge (dining/work/social area) with stage and lighting (hours range from 8pm-2am) Pool table, ping pong table, foosball table Flat-screen TV Communal kitchen with oven (no stovetop) (one in the building), sink Communal bathroom (separated by gender) 
 
 What's included in my space? 
 
 What’s included in my room? Twin extra long bed and mattress Closet space Dresser Desk Chair Microfridge Blinds or curtains Mirrors (in every room) Wifi in bedrooms Ceiling fan Linoleum flooring"
Livingston,Lynton Towers North,https://ruoncampus.rutgers.edu/living-on-campus/livingston/lynton-towers-north,"Type of Residence Hall:  Traditional Hall 
 Number of Students:  343 
 Number of Floors:  7 
 Average Room Size:  Varies 
 Availability:  Continuing Students, First-Year Students 
 Contract Type:  Undergraduate Academic Year (Two semesters) 
 
 
 
 
 
 What's Nearby? 
 
 Adjacent to Livingston Student Center, Livingston Dining Commons. Near Tillett Hall, Kilmer Area Library, Livingston Recreation Center, intramural fields, and a short walk to  Louis Brown Athletic Center  and the  Plaza at Livingston , home to: Starbucks, Qdoba Mexican Grill, Rutgers Cinema, Kilmer’s Market, kite+key Rutgers Tech Store, Hoja Asian Fusion, Henry’s Diner, 16 Handles, and The Wright Cut. 
 
 Features & Amenities 
 
 Vending machines Wifi throughout the building Coffee house Laundry facility Building main lounge House/floor lounge(s) Pool table, ping pong table, foosball table Air hockey table Communal kitchen (with stovetop and oven) (on every floor/wing) Communal bathroom (separated by gender) Connecting corridor and main lounge are air cooled Elevator 
 
 What's included in my space? 
 
 What’s included in my room? Twin extra long bed and mattress Wardrobe Dresser Desk Chair Microfridge Blinds or curtains Mirrors (in every room) Wifi in bedrooms Ceiling fan Linoleum flooring"
